{"a": 16.427162, "b": -1.1543597, "d": -1.6735228, "threshold": 0.5}
